-2.830184524201536655e-01,-4.949684684142580116e-01
-1.401633916353078047e-01,4.987706276213851320e-01
-9.734801265227133182e-01,4.367734283402352480e-01
3.203090246279852171e-01,4.935459786548430650e-01
1.892472294413200418e+00,-1.617383332110922667e-01
-1.162167562175132618e+00,-4.069218719106215687e-01
-1.033538585595499049e+00,-4.280623488527441900e-01
4.926078249858651392e-01,4.845963223887160831e-01
1.799864673472372889e+00,-2.180147869391816096e-01
-1.983753695297405528e+00,-6.360094161738487351e-02
-9.894341423758356013e-01,-4.345270473386118049e-01
1.446195875489674432e+00,3.453727596486018125e-01
5.021158198267672290e-01,-4.839860343723575431e-01
4.581733931698639406e-01,-4.867030114576555988e-01
-7.298116024938759994e-01,4.655222218692492975e-01
-1.925388914014644959e+00,-1.352954012959943220e-01
-1.604895242266221878e-01,-4.983875946874525842e-01
-1.026179822276279241e+00,4.291674332612669396e-01
-1.085225920593958282e+00,-4.199914211379051632e-01
-1.401474321319088556e+00,-3.567097670623836647e-01
1.562350662636721843e+00,-3.121558511944190206e-01
-1.627649452256343610e+00,-2.905552078101536484e-01
1.366458222399948408e+00,-3.651020342345729919e-01
-7.613784102472327397e-01,-4.623515245736595225e-01
-1.238923319593123427e-02,4.999904065892675220e-01
-1.667464250087911326e+00,2.760845629828340697e-01
1.062486744576179420e+00,-4.236096314414894426e-01
-9.575300223629114316e-02,-4.994266314086294734e-01
8.791348875732026835e-01,-4.491047935512693656e-01
-3.714265377100236520e-01,4.913019900659842953e-01
-1.522790048597150170e+00,3.241441103017962400e-01
1.051309666104335072e+00,4.253489733409785423e-01
2.940595789868957199e-01,4.945660322448137136e-01
-2.516619352358346329e-01,-4.960258480130694259e-01
5.051679595067776196e-02,-4.998404778856248565e-01
-1.557963279458425720e+00,-3.135233663400492365e-01
-1.708147499213477749e+00,-2.600759649759495917e-01
-1.445104193349565191e+00,-3.456582371327477921e-01
-9.786970482457771903e-01,-4.360441554300294453e-01
9.644978840874511850e-01,4.380171109379482064e-01
1.950458137050862240e+00,-1.105986707684817050e-01
1.850441666029909893e+00,1.897145290661161332e-01
1.888550971225865016e+00,-1.645781024851579177e-01
1.573380013923526111e+00,3.086741133244336743e-01
4.283102357523178028e-01,-4.883998324854976203e-01
8.246461608542614563e-01,4.555188463025108270e-01
-1.538721746575917093e+00,-3.194072035245878460e-01
1.488459507057396269e+00,3.339618518493591703e-01
-1.585622346966402696e-01,4.984261491013493028e-01
-1.749585542998686405e+00,2.422486361842404179e-01
-1.079780879146715167e+00,-4.208676494033743998e-01
5.823130723778161544e-01,-4.783377131887253664e-01
1.861169338750985780e+00,-1.830383655981065449e-01
3.573906771957470752e-01,4.919522273461599537e-01
1.668885336426471522e+00,-2.755473795308057694e-01
8.330581720918245336e-01,4.545611951315677857e-01
1.063070616998483153e+00,4.235180680380165597e-01
1.141338713463164733e+00,-4.105899673906932001e-01
3.924705901214129433e-01,4.902784180882423515e-01
1.260602130823818889e+00,-3.881754007341950974e-01
8.685296956989739803e-01,4.503926181461742062e-01
-6.358426352196144826e-01,-4.740585501310054517e-01
1.715225976247962913e+00,2.571477992327834694e-01
1.035799995357761460e+00,-4.277205841446654611e-01
7.392427785554042119e-01,-4.645912258610846446e-01
1.217737507887294957e+00,3.966354877186073491e-01
1.893350632652119891e-01,4.977544722186305060e-01
-4.535232515118693963e-01,4.869751444079372660e-01
7.030480717613645236e-01,-4.680894284744521183e-01
1.450788685271487966e-01,-4.986827725309749826e-01
-1.431433866446425007e+00,-3.491952432012639940e-01
3.057660364716530688e-01,4.941221465222703224e-01
1.757292016727684258e-01,4.980662134495429938e-01
3.493139932000731696e-01,4.923146690732094211e-01
1.501504361910922514e+00,3.302919779492904939e-01
-1.389606741518997490e-01,4.987916606058616642e-01
-1.841131307984036569e+00,-1.952939301989745080e-01
-1.376042801502108670e+00,3.628451984347309534e-01
-1.373204247332379779e+00,-3.635166859227641489e-01
1.135263242017718444e+00,-4.116413313890062708e-01
-1.681438191333433974e+00,-2.707357577885389222e-01
-6.238590575735349919e-01,-4.750526205250490963e-01
-1.347684280546663116e+00,-3.694376706536082744e-01
1.528568623585014885e+00,3.224397194623567220e-01
1.308630924010941499e+00,3.781108554976196912e-01
-8.974413339240775445e-01,4.468360334175006665e-01
-8.374659714407011180e-01,-4.540547011841526981e-01
3.826119725082713918e-01,4.907652238146393842e-01
-8.199892351276207858e-01,4.560439708977372386e-01
-8.042330442189521422e-02,4.995955922109566183e-01
5.078308391434895874e-01,-4.836132131424101255e-01
-1.806570386119441984e+00,-2.145203137228864909e-01
-1.654396627095984895e+00,2.809550453646263990e-01
-2.303377923034219676e-01,4.966729621590036947e-01
-3.524087276395230367e-02,-4.999223740296359075e-01
-1.167462261071528506e-01,4.991474180220795143e-01
-1.547244779210122170e-02,-4.999850374860806967e-01
1.637204938891480888e+00,-2.871802556833145115e-01
-7.872268328459102182e-01,4.596380310667975144e-01
1.875746276804017287e-01,-4.977961278883755170e-01
-1.024061960478862277e-01,4.993441305234173067e-01
-9.576724045130231566e-01,4.389521304790993672e-01
7.315548685905064463e-01,-4.653511761456023410e-01
1.033903685954116636e+00,-4.280072406054081235e-01
1.077753203993506714e+00,-4.211923574272308235e-01
3.803898840343796633e-02,-4.999095565300564203e-01
-7.853163897728694387e-01,4.598422397922266591e-01
8.209810336215125348e-01,-4.559324334834159997e-01
1.761752961277820440e+00,-2.366731004239854275e-01
-4.601957398171104829e-01,4.865837467136426842e-01
5.711880563044713366e-01,4.791753465809202028e-01
-1.038217310054302622e+00,4.273541284098885118e-01
-1.999740876259455513e+00,-8.048399751912868258e-03
4.439878888997667722e-02,4.998767815387797908e-01
-1.258461034569418935e+00,3.886093655966158522e-01
1.010931936409302345e+00,4.314232709842314994e-01
-3.378820008035693934e-01,-4.928130828172189171e-01
-1.999981840694643909e+00,-2.130681986829644631e-03
1.556627563881366694e+00,3.139377553119369613e-01
-5.919019259758047102e-01,-4.776015670793316570e-01
1.607556277903344988e+00,2.974645791280811635e-01
-1.813765615051960101e+00,2.106914648329377970e-01
5.471680377513840066e-01,4.809240544555410946e-01
-1.610555189057938652e-01,4.983761832084014354e-01
-3.765306558075227628e-01,-4.910591019188243478e-01
9.469017914321649076e-01,4.404101069871237950e-01
1.102993193665313676e+00,4.170885708341808273e-01
-1.762985323175514818e+00,2.360988604202333696e-01
2.160276532189883136e-01,-4.970746959112820607e-01
1.473522111938484258e+00,3.380765987195383793e-01
9.640423991546520632e-01,-4.380797767410736232e-01
6.717589132613965841e-01,-4.709524898048281227e-01
6.916264143833070754e-01,-4.691516880849472271e-01
1.540888664760319937e+00,-3.187536394707085052e-01
-8.396550437276819601e-01,-4.538019534680481359e-01
-1.971053395723309176e+00,8.476014364355316522e-02
1.436914844659859636e+00,-3.477854699017171591e-01
-6.659959263927017759e-02,4.997227039981950725e-01
-1.102228973026412540e+00,4.172148195939607840e-01
-1.240957398854846572e+00,3.921116497749248531e-01
1.705418993297625363e+00,-2.611927039203663092e-01
-5.648117498315713414e-02,-4.998005775352131752e-01
5.309113838428960452e-01,4.820615302081533438e-01
-1.957494550836351710e+00,1.025350804133606519e-01
8.176852853977979452e-01,4.563024472624983563e-01
3.416376556693932476e-01,4.926512275578891487e-01
1.181270382093098315e+00,4.034693517162754595e-01
-6.470655083966266874e-01,-4.731084856988018728e-01
-4.156114153057280380e-01,4.890850610749863381e-01
4.635777569011467203e-01,-4.863830578429478302e-01
1.732013617335120159e+00,2.500161031520909405e-01
-1.709148283648863842e+00,-2.596647050164094805e-01
-1.032774261496655965e+00,4.281776299614183379e-01
2.677384059993883625e-01,4.954995046637853950e-01
3.738674981973825195e-01,-4.911862613733988248e-01
9.336014679634191404e-01,4.421812622539927351e-01
1.219751559589077189e-01,-4.990692625608694200e-01
-1.145332013275604854e+00,-4.098943903133807076e-01
1.643726201739576842e+00,2.848425193983054049e-01
1.681376173952011444e+00,2.707598291921384237e-01
-4.731503202114852868e-01,-4.858065956790166284e-01
-4.017715409906684743e-01,4.898073364121080520e-01
8.448728280961053105e-01,4.531962808999601133e-01
-1.098124467101834867e+00,-4.178907344294910953e-01
1.553723565135545437e+00,-3.148355804168354033e-01
-1.272454997867832338e+00,3.857507516519876334e-01
1.462284405046988089e+00,3.411125472952783455e-01
6.482538078076739430e-01,4.730068049631296900e-01
6.817031479195376220e-02,4.997094661013766204e-01
1.572391384360257938e+00,-3.089888078868747168e-01
2.860937214541270923e-01,4.948579583163567053e-01
-1.201747104947466616e+00,-3.996720449123242203e-01
-1.375955527334194572e+00,3.628658831784891126e-01
1.442426717777389955e+00,3.463564966044690996e-01
1.831200925818897929e+00,-2.010446420076911211e-01
-1.707743085785554449e+00,-2.602419010449258940e-01
2.425274524071633075e-01,4.963101622743641972e-01
6.926411273387239609e-01,4.690581166496683441e-01
-6.554778180366387375e-01,-4.723841676843863469e-01
1.837327927851577947e+00,1.975199492356130848e-01
-5.533437033563832763e-01,-4.804822282064553085e-01
8.717307426689940852e-01,4.500059383139963232e-01
-1.437826903316251848e+00,-3.475497982394031293e-01
-1.196500541065783851e+00,-4.006546560965321135e-01
-9.845902546727827165e-01,-4.352141735975651460e-01
-1.295701568383719859e+00,-3.808836309891750482e-01
8.447595684396688176e-01,-4.532094763689319961e-01
1.886075991398781460e+00,1.663425221247381014e-01
1.051735366999940080e+00,4.252831937222464886e-01
-4.635917096137870050e-03,-4.999986567652380809e-01
-1.956782927018483997e+00,-1.033805399147290777e-01
1.859786039046849915e+00,-1.839150430508657008e-01
1.628065094774140853e+00,-2.904096295728315624e-01
-1.230994240087448927e-01,-4.990520095521555066e-01
-1.535870261529969971e+00,3.202638111529951814e-01
-6.138385898143037256e-01,-4.758677721840639530e-01
-4.425085657825307273e-01,-4.876080757899400875e-01
7.393555476095555745e-01,4.645800102121117603e-01
-1.175066456376051782e+00,-4.046000203209823010e-01
1.473426860398618254e+00,3.381025442687349836e-01
-7.472996815128024606e-01,-4.637849168803132027e-01
-1.265825925625067683e+00,-3.871114766781850736e-01
-3.337294086029750084e-01,-4.929899011284047394e-01
5.518081777913891317e-02,-4.998096561035276775e-01
5.387989453219206304e-01,-4.815142583896131478e-01
-1.310544944825548619e+00,3.776963022383360569e-01
1.884581997625959682e+00,-1.673974862087516946e-01
1.624030196980180030e+00,-2.918182138867146946e-01
1.731418843320431389e+00,-2.502734490755736396e-01
-8.651481252841486391e-01,-4.507992015103095551e-01
-1.724286878293833425e+00,2.533321388690776832e-01
-1.959360049858086983e+00,1.002834093395173348e-01
-1.159130309032027961e+00,-4.074629528162127534e-01
1.290798293929459550e+00,-3.819227477832392581e-01
-1.816471352371377801e+00,2.092295130374324796e-01
1.775032873263706179e+00,-2.303880285020783736e-01
-5.029885274186373101e-01,4.839293944681671289e-01
-1.200826937055218480e+00,3.998448657950498530e-01
-3.946587872110866035e-01,-4.901686216036448274e-01
1.101443082167550935e+00,-4.173445172115932689e-01
-6.517938715903903724e-01,4.727026515790085925e-01
1.556580320009871343e+00,3.139523956109794289e-01
1.984371228210793259e+00,6.238530909255976531e-02
1.124234661665616475e+00,4.135287494169538336e-01
1.763277546095511461e+00,2.359624301975040139e-01
6.092417517145279904e-01,4.762368428607643422e-01
-1.355098982231800475e+00,3.677385916274578115e-01
-1.967919019545344428e+00,8.919596841775213891e-02
-1.561591552203675182e+00,3.123931641463723041e-01
-1.204660610122852304e+00,3.991234782634972000e-01
-3.296231405450921748e-01,4.931625356574386165e-01
1.981242610117313951e+00,6.831806123545085263e-02
1.139566972073502216e+00,-4.108974260809525880e-01
-1.489188570181543936e+00,3.337586518017781056e-01
1.979386143547313459e+00,7.160241560733748845e-02
4.365212803975646039e-01,4.879452563915386842e-01
1.522699271000562959e-01,-4.985487607359073148e-01
9.378443647079827139e-01,-4.416197422263779537e-01
1.242617527510356368e+00,3.917829182343878780e-01
-1.492320662306823920e+00,3.328831477459585075e-01
2.540711717114081947e-01,4.959490800289627632e-01
1.094391032837860545e+00,-4.185024094348263612e-01
2.858157028822392795e-02,4.999489407579449929e-01
-1.989994322801344584e+00,4.995159858454089469e-02
-3.891969544040160822e-01,-4.904414931137707767e-01
-1.888087754582046918e+00,1.649099434155889277e-01
-1.359100979341257620e+00,3.668143713066626121e-01
5.780512426718985297e-02,-4.997911168433553097e-01
1.851099978556901116e+00,-1.893127157289362095e-01
-1.441626513450053437e+00,3.465646580832574819e-01
9.570168576669740856e-01,4.390414796848093881e-01
6.174003056301166081e-01,-4.755797030078027787e-01
-5.721938011033843585e-01,4.791003453074092477e-01
-2.647520636618564960e-01,4.955997846540838303e-01
-4.538035347744034942e-01,-4.869588247368981104e-01
-4.886754686387113633e-01,-4.848450968061046584e-01
8.740056025624662883e-01,-4.497300722856864552e-01
-4.502784774156714520e-01,4.871632999298223243e-01
7.542024147699040171e-01,-4.630860285597081516e-01
-8.523015191810154878e-01,-4.523260798639719416e-01
-1.115974949129279858e+00,4.149246854035607002e-01
-3.974017824658213627e-01,-4.900300898473600175e-01
9.257965729304721281e-01,4.432057017874285743e-01
-7.954045514646902459e-01,4.587572614894814271e-01
1.378652237160767680e+00,-3.622255865627463933e-01
-1.724787974905549248e+00,2.531188507427408196e-01
-1.456246092051006746e+00,3.427232228222004684e-01
1.057234286487341191e+00,4.244301814989423494e-01
1.701759621051405436e+00,-2.626801991204057996e-01
-1.838010691475219893e+00,-1.971225345474839630e-01
4.331323387019777038e-01,-4.881339709272032312e-01
1.251943837615306032e+00,-3.899227990462551530e-01
-1.992483613598587056e+00,4.330780064052859590e-02
4.737610184353869824e-01,4.857693959979277887e-01
-2.900177975084133331e-01,-4.947151754499987675e-01
3.855819592024469222e-01,4.906199237149875270e-01
5.972411508817505599e-01,-4.771859574430498130e-01
-1.528370992638210524e+00,-3.224982663579460396e-01
1.955357343225661904e+00,-1.050528617808319104e-01
1.367805087685042553e-01,-4.988293227911870797e-01
1.885488224427044557e+00,-1.667584622191162491e-01
7.821253445592251108e-01,-4.601820254935888865e-01
-1.001773514779778163e+00,4.327564142423085958e-01
-6.602175734453211708e-01,4.719714474755048461e-01
-4.941573258631665189e-01,-4.844977126684761326e-01
7.370105100895761874e-01,-4.648128324939985179e-01
-9.164388925741130676e-02,-4.994748115246763209e-01
3.287980448212529661e-01,-4.931969589906324281e-01
-9.740606520249261990e-01,4.366925295743545044e-01
1.178787990680737474e+00,4.039228633838141125e-01
1.970307799121123526e+00,-8.583675521100894712e-02
1.835691300426926631e+00,1.984687395940635257e-01
-1.003359467488134982e+00,-4.325267173107579799e-01
3.093696956478123039e-01,-4.939819323248814675e-01
1.743766666159683787e+00,2.448568221928815181e-01
1.448583094070476696e+00,-3.447469198170235449e-01
7.302044422796180045e-01,-4.654837183293251135e-01
7.045892156878537094e-01,-4.679445771894610306e-01
2.756143321507698585e-01,-4.952295389458991060e-01
3.599331646846507526e-01,4.918363623299986664e-01
-5.058520168893062552e-01,4.837428124148862585e-01
-2.004615794651751493e-01,4.974821074143224719e-01
1.439624752932865681e-01,-4.987029931298932461e-01
-3.300436198743819105e-01,-4.931449589737924022e-01
-1.829131226646735886e+00,-2.022187793742533102e-01
-1.275143092291671554e+00,-3.851955748529597434e-01
-1.439769496022470729e+00,-3.470468086515132722e-01
1.240817335973567470e+00,-3.921393517255264971e-01
-1.301903255106954260e+00,3.795596061837585022e-01
1.153536286044927861e+00,-4.084539475860218261e-01
1.657130504348449662e+00,-2.799462550604415734e-01
-1.860457738847457021e+00,-1.834899523752266670e-01
7.017272018027838065e-01,4.682132883533178802e-01
-5.309435712764511983e-01,4.820593145635845844e-01
-4.533842190341174083e-01,-4.869832357183114246e-01
1.745706095170817873e+00,-2.439915763509387103e-01
-1.067337668671602069e+00,-4.228467734471517137e-01
-1.951371830099861038e+00,-1.095867181427336717e-01
7.068575940056310847e-01,-4.677307145808212163e-01
-9.312617558481424140e-01,-4.424895155604420260e-01
1.981691706898657479e+00,6.749906425697947687e-02
-1.097711071699309482e+00,-4.179586106204741247e-01
6.596647706215194029e-01,-4.720197553069719332e-01
-7.544638900143116333e-02,-4.996441134939600959e-01
-1.920809926763288544e+00,1.393039000817121453e-01
-1.630129893032085331e+00,2.896847998086888309e-01
8.771229251996485177e-01,4.493505990655578541e-01
-1.220454356803606144e+00,-3.961132384621138813e-01
-2.115978024682183822e-01,-4.971937732156486156e-01
1.307672927171538602e+00,3.783179479239833221e-01
1.726010447824492866e+00,-2.525974977608514416e-01
-7.595315774227886507e-01,-4.625413348351724574e-01
1.926802035145592118e+00,1.340321597040251000e-01
2.884710783894182673e-01,4.947716921048564420e-01
-4.112165185585350824e-01,4.893171884667831262e-01
8.400321454415340394e-01,4.537583328866323096e-01
1.999988473706730163e+00,1.697517308886165076e-03
-1.570749815604453481e+00,-3.095101994259009115e-01
8.571100414571705128e-01,-4.517578428229890308e-01
7.894181715519574816e-01,4.594030740008960279e-01
-1.988985813993757956e+00,5.240195113947833383e-02
-1.313358218056297044e+00,-3.770850526625250110e-01
-4.400938102805547758e-01,-4.877446461874763162e-01
-5.990046750481913262e-01,-4.770477831982878891e-01
-1.798615497307328948e+00,-2.186581654154936272e-01
1.879256307290040340e+00,-1.710986067138262900e-01
1.366275993112439080e+00,-3.651446554658696608e-01
-1.671398956591774398e+00,2.745935095627635159e-01
-4.497188045563370040e-01,4.871956098958366010e-01
1.094732082967536657e+00,4.184466562867928952e-01
1.997667483239059960e+00,-2.414102629513719539e-02
8.973501639888832315e-01,-4.468474769978233452e-01
-4.434346129859891850e-01,-4.875554932521762308e-01
1.129390480762712201e+00,4.126497562978325706e-01
-1.103085919308927521e+00,4.170732440637958671e-01
1.155005703034172715e+00,4.081943337705810082e-01
-3.756783247920546520e-01,4.910999004964159975e-01
-7.235062320357013022e-01,4.661369656687225915e-01
-1.964809677465306770e+00,9.338192120891129766e-02
-2.727875317442278735e-01,-4.953273515139313687e-01
1.309514565403594011e+00,3.779196014858712815e-01
-1.919378802050080823e+00,-1.405313608773849920e-01
1.313073403226836078e+00,3.771470401032512854e-01
1.396308943563884242e+00,-3.579735791685181301e-01
-8.816508577792776524e-01,4.487964296995537450e-01
1.696590504355328655e+00,2.647617632574769120e-01
-6.745008548441415730e-01,-4.707074859197669658e-01
-1.850803946340490835e+00,1.894935276286609793e-01
-1.779274368737289613e+00,2.283340098346224589e-01
5.792550772298642459e-01,-4.785697151084301604e-01
3.099246328908216719e-01,4.939601908256049945e-01
-2.231253186901006880e-01,4.968787007509630205e-01
-1.020631791953785505e+00,4.299935134142435778e-01
1.171812026784166738e+00,-4.051895061175066481e-01
-1.415879614893285510e+00,-3.531363861995852060e-01
1.594028929580186382e+00,-3.019801081674757248e-01
-1.895406082515550095e+00,1.595767414057918387e-01
-6.762231784935330836e-01,-4.705530132772039464e-01
1.980206958657997784e+00,7.016961632467925980e-02
-1.536554901156817143e+00,-3.200584942368898123e-01
3.449279780829383329e-02,-4.999256349010418043e-01
-1.950935096218384013e+00,1.100716387016215103e-01
1.046996853043966169e+00,-4.260133206335829370e-01
6.161928169302978153e-01,4.756775701803891421e-01
-1.995633199108685529e+00,-3.302284684051469410e-02
1.895400565665576353e+00,1.595808368184079284e-01
1.812798877046807089e+00,2.112108294124964425e-01
3.933098089543072273e-01,4.902363839376575605e-01
1.040096238595394462e+00,-4.270684821006252019e-01
1.366503814094280678e+00,-3.650913692202425453e-01
-1.705501775284123056e+00,2.611589188720520593e-01
-1.439492552296560923e+00,-3.471186029193347733e-01
-9.486417271499135717e-01,4.401760211487863450e-01
1.472016591163560983e+00,3.384862585227066401e-01
3.192811818947973168e-01,4.935876015769554703e-01
6.230531520784661215e-01,-4.751187200114493359e-01
1.832675996605289459e+00,-2.002028177041361712e-01
1.706367186167749406e+00,2.608053663618183915e-01
-4.702493176587322909e-01,-4.859826115228749188e-01
7.291394702709937947e-01,-4.655880443651967404e-01
1.485161126454726421e+00,-3.348783760997908754e-01
1.332079798089593536e+00,3.729580582586991544e-01
1.837929618215284444e+00,1.971697743200986896e-01
-1.524436593605650314e+00,3.236600330667196435e-01
1.951270520399675856e+00,1.096994063962910271e-01
-1.903111570635140026e+00,1.537380787481281152e-01
-1.999893858083478859e+00,5.151191609584820398e-03
-1.727016843337574770e+00,2.521672092615728777e-01
1.980036094629294530e+00,7.047032352574540692e-02
1.124219884414956683e+00,-4.135312602668343995e-01
1.643589557986530503e+00,2.848917957836845094e-01
1.420217715423508942e+00,-3.520459523270034752e-01
-1.666539072645029762e+00,2.764334819793275999e-01
1.736625931897215924e+00,2.480083633496719397e-01
1.495671524433081601e+00,-3.319418897751553188e-01
-1.902039752279554019e+00,-1.545648692192724272e-01
1.819330581883081610e+00,2.076710490512831964e-01
-1.316884657838089390e-01,4.989149569302559484e-01
-2.764798195094397837e-01,4.951993859424219102e-01
1.470162979933642866e+00,-3.389893815107479780e-01
5.573165281779953739e-01,4.801951613289399123e-01
-8.244744656218329082e-01,4.555382705888711414e-01
1.999982011721607833e+00,2.120624760393025228e-03
1.999999372097538419e+00,-3.962014522190532707e-04
1.263711524518619234e+00,-3.875429962274207774e-01
-9.780033490997943613e-01,-4.361414226737115318e-01
-1.444063405720065640e+00,3.459299857142487111e-01
1.553043499138817340e+00,3.150452239146249167e-01
5.224575613366074789e-01,-4.826384578933156089e-01
-6.008018603698015436e-01,-4.769065110543276864e-01
-3.691291867629431511e-01,-4.914101929320178752e-01
1.143232613147361798e+00,-4.102605263911773270e-01
1.001202683031765517e+00,-4.328389703089644547e-01
-1.268777223934985710e+00,-3.865071438556982875e-01
-1.029695093479218837e+00,-4.286408763802764255e-01
3.515337273445484634e-01,-4.922159103571348560e-01
1.718851379495365039e+00,-2.556303404340534158e-01
1.265506425552547443e+00,3.871767592848593398e-01
-1.531590210194643031e+00,-3.215423210904679308e-01
2.497848051191790125e-02,4.999610031987067327e-01
1.996489484328666242e+00,-2.961179976489165117e-02
-7.658821858041712227e-01,4.618863819617753941e-01
3.139712071212032996e-01,4.938004455938435067e-01
6.064717738653850887e-01,-4.764577622612898855e-01
9.682218665687657433e-01,-4.375033154944439340e-01
-1.566132030253532204e+00,-3.109692975011710825e-01
-2.797455388486763672e-01,-4.950847423354828858e-01
-1.587861601803786105e+00,-3.040040638623432434e-01
1.557960169406663375e+00,-3.135243322437630820e-01
1.919160675142085326e-01,-4.976926902611365500e-01
-1.980707685416611685e+00,-6.928070841311508021e-02
1.195750066667933265e+00,4.007946620515012159e-01
3.064196642619523847e-01,-4.940968395310776917e-01
-1.381833095451548754e+00,3.614672613386645805e-01
-3.626352397532410232e-01,-4.917122941116779944e-01
1.772935063150097967e+00,2.313953950834153339e-01
-1.654846877191818999e-01,4.982854865768772124e-01
5.560170173274871230e-02,4.998067408236671616e-01
-1.722027364400756433e+00,-2.542908959556682835e-01
-7.941230485313720555e-01,4.588959974623362248e-01
-1.999497729022318593e+00,1.120499786532285630e-02
9.946347395716325090e-01,4.337843455305059881e-01
7.149925582307037342e-01,4.669572813488077623e-01
1.323682973828289589e+00,3.748219064433380709e-01
9.135236269675028886e-01,-4.447945159686196859e-01
1.016824406638084488e+00,-4.305569159577734561e-01
4.683419821445600761e-01,-4.860977131555512254e-01
-5.933978956502449220e-01,4.774855323356576031e-01
-3.771853317543724105e-01,-4.910276994165746478e-01
-1.359128172782176902e+00,-3.668080739594772322e-01
-1.035671605278117191e+00,4.277400149346451963e-01
1.999746156948216225e+00,7.965973617677295920e-03
2.169705488795035664e-01,-4.970490280721137633e-01
1.007721401135184935e+00,-4.318924618535078253e-01
4.746534070081546708e-01,-4.857149461885766906e-01
-1.269216499231738293e+00,-3.864169928715230351e-01
7.211081700852475240e-01,-4.663691541469794921e-01
-4.653283139659668000e-01,4.862785698690097469e-01
-1.976931763840722445e+00,7.572185992070343263e-02
7.381586450198873717e-02,4.996593350816523893e-01
-1.058402671474767409e+00,4.242481426753005880e-01
-1.461702958139307729e+00,-3.412682652773691427e-01
-4.474445516018923374e-01,4.873264673990232998e-01
7.008141727903477447e-01,4.682987491452558770e-01
1.427488409514896972e+00,-3.502032303445948291e-01
-1.682864416018106102e+00,-2.701813461940931749e-01
-6.829774630820694137e-01,4.699429343629115685e-01
7.292090136666912192e-02,-4.996675483598990164e-01
5.903455707199762870e-01,4.777219449593105849e-01
8.730350595134403480e-02,4.995234039717635910e-01
-9.934166160096957743e-01,4.339587701495849492e-01
1.501900748421249432e+00,3.301793207761968829e-01
-1.146016407285008976e+00,4.097748157703173244e-01
-1.899481990399237930e+00,1.565184031010709576e-01
1.305199324789740212e+00,3.788514486715411911e-01
-9.021215432025757597e-01,-4.462466191251343028e-01
-5.514120045388700708e-01,4.806210046160608318e-01
-1.526253752194515423e+00,-3.231243456388115942e-01
-3.827790357395641219e-01,4.907570815713137580e-01
-7.364629588036550878e-01,4.648670717467364155e-01
1.987629690606951827e-01,-4.975247030380864355e-01
-5.418132517417993954e-01,4.813028152990704300e-01
-1.162432039443487719e+00,4.068746546600111591e-01
-1.836828277760598205e+00,-1.978101801631798884e-01
-1.433891899442079509e+00,-3.485643789813426263e-01
1.663381299908630595e+00,2.776196421268534165e-01
1.256525389942027227e+00,3.890006382089106207e-01
1.663123792843408610e+00,2.777160476185787097e-01
9.911305211516460156e-01,-4.342853533422514345e-01
-1.353482527830944360e+00,3.681104663392801846e-01
-1.118983127362351393e+00,4.144180227046094789e-01
1.792756868567551010e+00,-2.216448186575580570e-01
6.669639698349202339e-01,4.713782360630131008e-01
-6.096531343545733561e-01,-4.762039384399585074e-01
1.338469963868637702e+00,3.715254160065539768e-01
1.378602762160684447e+00,-3.622373552108937300e-01
-4.048246885170571074e-01,-4.896501922014753205e-01
-1.504338444686641019e+00,3.294850000225520437e-01
-2.101916074947378088e-01,-4.972310509297198089e-01
-1.639376164961211524e+00,-2.864050660512430513e-01
2.321897217283056813e-01,4.966190650994313782e-01
-1.987056372576364360e+00,-5.679292000530321294e-02
-1.086885168539839075e+00,-4.197231699590908138e-01
1.307691056430674958e+00,-3.783140313393115184e-01
-1.448868592645376818e+00,3.446719274583626702e-01
1.518105033199124154e+00,-3.255146989937134361e-01
2.843669003629189507e-01,-4.949201618681786097e-01
-4.865347464276067457e-01,-4.849796349151312969e-01
8.181832334035031851e-01,4.562466572875759629e-01
1.681771419589473071e+00,2.706063668241206477e-01
3.370728971059308576e-01,4.928477111413711587e-01
-1.839481361525340919e+00,1.962632671631522607e-01
3.672138373297907654e-02,4.999157141444405261e-01
9.465059831431070769e-01,4.404632805264744877e-01
-2.652883299769388525e-01,-4.955818614251614740e-01
8.686511118465356507e-01,-4.503779833295429857e-01
-6.548314875695264714e-01,4.724401895271692076e-01
1.702780910762804689e+00,2.622662256588942919e-01
-7.590737526479542918e-01,4.625883049511298473e-01
1.003503130059471449e+00,4.325058863732986203e-01
-5.421502725302582704e-01,-4.812790953539436978e-01
-1.462835793391113803e+00,-3.409647563874628751e-01
-1.953212832711698654e+00,1.075173329428626701e-01
-1.442910695477817473e+00,-3.462304800342289046e-01
2.256015013121770441e-01,4.968088139947355319e-01
-1.682747485158997414e+00,2.702268608492535695e-01
-1.793077772414824356e+00,-2.214825193542218074e-01
-1.813439021761183156e-01,-4.979404073997923397e-01
-1.924844189019879970e+00,1.357789674425868565e-01
2.507675639645514098e-01,-4.960541571279846740e-01
2.330960302918513305e-01,4.965925291840245226e-01
-7.155533838465739649e-01,-4.669035871345468269e-01
-1.004782326183561780e+00,-4.323202283167211224e-01
-1.151290916022647437e+00,-4.088496993611874242e-01
6.833693729146493867e-01,-4.699073246504462675e-01
-1.726020386774562043e+00,-2.525932531312187201e-01
-9.727104823266918832e-01,4.368805841969128911e-01
1.568467830579450384e+00,-3.102326409766339443e-01
4.026682844636431668e-01,-4.897613100204467607e-01
-9.854094507029791394e-01,4.350982801667668265e-01
-9.527059490417235654e-01,4.396270702723864554e-01
1.112816957777810201e+00,4.154544513603551925e-01
-1.661503931158701208e+00,-2.783213842332481480e-01
-7.499459180364421718e-01,-4.635178745218784813e-01
7.350471966089513476e-01,4.650070979805927540e-01
1.744929283349053950e+00,-2.443386221147504367e-01
9.986727092584651855e-01,-4.332041103641530722e-01
2.977307977795566329e-01,-4.944287342513041805e-01
6.868449321106352423e-01,4.695905157178124623e-01
1.843633168157821078e+00,-1.938131737763773288e-01
-8.157897843484224198e-01,4.565144458114629433e-01
6.313437545204182433e-01,4.744342066891402698e-01
-6.289347556881536017e-01,-4.746341402258877351e-01
1.174781774061744777e+00,-4.046516853520706891e-01
4.203555931706509097e-01,-4.888315900753902876e-01
-9.818464898837497845e-02,4.993971224576082557e-01
-1.315220783211350275e+00,3.766790984552469412e-01
1.186062021751330242e+00,-4.025898098995386865e-01
1.808744935736836812e+00,-2.133719987261605278e-01
3.478849225733812722e-01,4.923779087655964504e-01
-8.775913426759618385e-01,-4.492934338533812189e-01
-5.396842791666148775e-01,-4.814522872790986119e-01
-1.777624999492407321e-01,-4.980211148643571839e-01
1.976472274697531395e+00,-7.646786390045098858e-02
-5.167178345685295993e-01,4.830244998599197426e-01
1.609144270039294389e+00,-2.969274657007694995e-01
-1.278364372445980113e+00,-3.845276754718699452e-01
5.292607441480039476e-01,4.821749594742491540e-01
2.254331105520601952e-01,4.968135913415376859e-01
-7.390655460369909280e-01,4.646088488355718527e-01
-4.538559790985428610e-01,-4.869557699522426009e-01
9.500281757127192472e-01,4.399890954154405676e-01
2.813180296196711727e-01,-4.950290500447237507e-01
-1.500561224964769513e+00,3.305597534989164199e-01
3.097796103084733965e-01,4.939658764174106875e-01
-1.370139397009182192e+00,-3.642387637906036590e-01
1.789195585678230893e+00,-2.234361144977368707e-01
-1.447352364159439908e+00,-3.450698420213363371e-01
1.778234430992573500e+00,2.288397786160273062e-01
1.476852331532616525e-01,4.986349536427216456e-01
1.698218153964515587e+00,2.641087727558185105e-01
1.876299010554998592e+00,-1.731152114543832721e-01
-1.457560912831265654e+00,3.423737162614202134e-01
1.570136848068221402e+00,-3.097045243391666203e-01
-1.280700455349324196e+00,-3.840415296283100077e-01
-1.822186496855081050e-01,-4.979204481959687567e-01
-6.741940855816257461e-01,4.707349529569928026e-01
-2.658360209583842115e-01,4.955635182522653559e-01
8.943660254487467709e-01,-4.472212408670771522e-01
1.929616665340171178e+00,1.314770713949484082e-01
1.374937451847792147e+00,3.631069921099616682e-01
2.670349701837184120e-01,4.955232288134293617e-01
-1.968233070734604073e-01,4.975728957771329841e-01
8.532191510329798501e-01,-4.522179425005271591e-01
-1.381367174726547464e+00,3.615785468425218308e-01
3.765169223269650978e-01,-4.910597600599028723e-01
-1.973057010417366142e+00,8.179472539644791484e-02
-7.392366149275891862e-02,-4.996583390347538178e-01
1.759767516158070810e+00,2.375944929226651570e-01
7.142128720478235770e-01,4.670318493824323069e-01
1.566804901307123910e+00,-3.107573813725079681e-01
8.255538367487035289e-01,4.554160777951777872e-01
3.302510833860955453e-01,-4.931362781931019068e-01
-1.363578108081203055e+00,-3.657744133309565049e-01
1.308797207628536130e+00,3.780748825715405381e-01
-8.910960056443368860e-01,-4.476290253047653378e-01
-4.025747756645892128e-01,4.897661144617018736e-01
-3.021745107499792526e-01,-4.942602151861033022e-01
-1.415749998986210734e-01,-4.987457092173641637e-01
1.540839750137805275e+00,-3.187684175458793678e-01
1.739855027478331095e+00,2.465898015123465792e-01
1.377025117628168704e+00,-3.626122089627161205e-01
1.061840559732294631e+00,4.237108850462930065e-01
1.385384615487017967e+00,-3.606166131756036730e-01
7.640799481875106824e-01,-4.620728996041757464e-01
1.285082785537447814e+00,3.831254881167620030e-01
4.929879740227806617e-01,4.845721603557174295e-01
-4.303383322395172850e-01,4.882883958152517412e-01
-6.988675326299885748e-01,-4.684805340029929988e-01
7.437018723054977798e-01,4.641462273040480868e-01
-3.555750304486903768e-01,4.920344498686939350e-01
1.680427326226394014e+00,-2.711277375693526559e-01
1.936297100279392946e+00,-1.251882431205139923e-01
1.851771836946564553e+00,1.889016053219813307e-01
8.305476457787587252e-01,-4.548482307382431533e-01
-1.058131435868214565e+00,-4.242904270976625702e-01
-1.796194115189308826e+00,2.198986557142994791e-01
1.999903638432550146e+00,-4.908137275533469221e-03
-2.561473055917700137e-01,-4.958823296558164118e-01
-6.757807885360265221e-01,-4.705927330137510967e-01
1.640408899456124114e+00,-2.860352516064614825e-01
2.282444438980925638e-01,-4.967333586687662228e-01
-3.363192664795811027e-01,4.928798884486612630e-01
1.446231883144078356e+00,-3.453633358668748987e-01
9.494118205935865307e-01,4.400722380272620859e-01
-1.382839815283753993e+00,3.612265602487233496e-01
6.326817529578615540e-01,4.743227935353048763e-01
-5.336032525877607013e-02,4.998220105502731436e-01
-5.259236833173636105e-01,-4.824031171726283485e-01
1.304210734305086605e+00,-3.790641733700398919e-01
1.146293625204535038e+00,4.097263511186036711e-01
1.361845696656819316e+00,3.661775780356866794e-01
-1.995837790600758499e+00,-3.224080645110558724e-02
1.705389149401681959e+00,-2.612048823604527503e-01
-4.033358232661394815e-01,-4.897269783812089328e-01
7.368007860882831439e-01,4.648336128134781253e-01
1.301186344852863330e+00,3.797132220479395581e-01
9.506647316616124721e-01,4.399031546811436044e-01
1.593281520380590344e+00,3.022265289494904250e-01
-1.237863490121805743e+00,3.927223876212895259e-01
1.508108034238269113e+00,-3.284062039861975202e-01
-1.989932093447878803e+00,-5.010630166589724599e-02
3.866222846933514146e-01,-4.905687521246698823e-01
1.553832587796329490e+00,-3.148019505480947888e-01
-1.997733819167426983e+00,2.379546668318116218e-02
3.235416185797250765e-01,4.934141782675339205e-01
-1.839791911946144554e+00,1.960812524085279729e-01
1.040014603918377967e+00,-4.270809074136669992e-01
1.135083749956850685e+00,-4.116722665379505264e-01
1.401711632041679478e-01,-4.987704911207903602e-01
-8.315072119162366659e-01,-4.547386444796674976e-01
-1.997552416792233165e+00,2.472895843882785827e-02
-1.997415829153596167e+00,2.540915859322661827e-02
-5.377666029205734333e-01,4.815863811913228543e-01
1.065770756756187598e+00,-4.230937170151655158e-01
1.690186595907227751e+00,-2.673094263928436076e-01
1.138142692418791180e+00,-4.111440753931114855e-01
-1.769362545083801530e+00,2.330981799658906894e-01
1.531059274854429386e+00,-3.217003163740118077e-01
1.747412386534810569e+00,-2.432269967777936637e-01
-1.210128820907502512e+00,-3.980882625757303228e-01
-6.750792502542939388e-01,4.706556600820351877e-01
1.868035883111259343e+00,-1.786130488319543075e-01
-1.437141329577199755e+00,-3.477269761268421133e-01
-5.177690727337032062e-01,4.829541377890141374e-01
1.694033111710236406e-01,4.982031788189115185e-01
-4.270412362850715127e-01,4.884692788774002148e-01
-3.988380838232036818e-01,4.899571526478256334e-01
1.253379155166646219e+00,3.896344996751558432e-01
-9.025908213753427445e-01,4.461873071626550891e-01
-1.911154451197753179e+00,-1.473704226742544587e-01
-1.202609208654841444e+00,3.995099413076738104e-01
-1.819330237313903309e+00,-2.076712377165131629e-01
5.007914758082709916e-01,4.840717855957532012e-01
1.988048094545974864e+00,-5.458065921878768600e-02
-1.111615784506858162e+00,4.156553821703745655e-01
2.791674096361533575e-02,4.999512886005726964e-01
-1.380812745873455594e+00,-3.617108790900378512e-01
-1.763799516611453067e+00,-2.357184847971734720e-01
3.912245592915821746e-01,4.903406560881365395e-01
8.847020576620657772e-01,4.484209984189318488e-01
1.538038028870121199e-01,4.985193320108993742e-01
-8.517225912393977527e-01,4.523942298739870860e-01
-1.734069110785747825e-01,-4.981170823203985298e-01
1.759724433651717046e+00,2.376144352739779919e-01
3.745535538870890524e-01,4.911535932927799109e-01
1.483609140792542913e+00,3.353080596031070004e-01
9.140956633073511750e-02,4.994774951876727598e-01
3.557703874478070905e-01,-4.920256237874733873e-01
1.517779508061596339e+00,3.256095596059315200e-01
-1.019443634944718013e+00,-4.301696376990928328e-01
1.974249507130186876e+00,-7.997612284152946782e-02
-1.441411229149824891e+00,3.466206201022227762e-01
-4.695241566640294684e-01,-4.860264310141046429e-01
-1.838449271322727174e+00,1.968667501085654414e-01
-6.257791585387699751e-01,4.748947544416097233e-01
1.744853214660949225e+00,-2.443725715080550254e-01
-1.757602374954587710e+00,2.385940448169747707e-01
-8.831563205869598365e-02,4.995122839539379855e-01
-3.189542416699122640e-01,4.936008123803568015e-01
1.696304084097867371e+00,2.648764398583912105e-01
-5.496412256433343968e-01,-4.807477589048968492e-01
3.124939431160996817e-01,4.938590092017502986e-01
-1.368195969530063838e+00,-3.646950600297534928e-01
1.892293701078946233e+00,-1.618688799725227501e-01
1.490304060268473618e-01,-4.986099388599941062e-01
1.367898917110799584e+00,3.647646974906478823e-01
-1.095473593695734937e+00,4.183253522615016928e-01
1.104247047574940410e+00,-4.168811624673471883e-01
2.129198229208020821e-01,-4.971584976775121900e-01
1.044485620182687313e+00,-4.263984191187558670e-01
-1.658566259153434475e+00,2.794143388408357742e-01
-5.342795450559416626e-01,-4.818288964803024155e-01
2.605652338105750032e-01,4.957384491171504259e-01
-5.711863957332756758e-01,4.791754702956703693e-01
-5.242036662432540961e-01,4.825201107400298728e-01
4.223624067502159130e-01,4.887234645842782887e-01
1.970514963404166986e+00,8.553901850919944094e-02
1.962331586514526882e-01,-4.975874638848477027e-01
-1.603951483408017298e+00,2.986783009017834889e-01
-1.530621621726104831e+00,3.218304533353459895e-01
1.992635128347884921e+00,-4.286989421057084415e-02
1.822912400368901009e+00,-2.056985629175145935e-01
-5.137145409903677296e-01,4.832246740890214221e-01
1.998313948595818124e+00,2.052645069080066137e-02
6.697909851039823836e-01,4.711276390396659797e-01
9.745603667267777048e-01,-4.366228415066434887e-01
-1.849818186846595047e+00,1.900941667324999029e-01
-4.651792641001437079e-01,4.862874826331673450e-01
1.098098785206971684e+00,-4.178949522552717344e-01
7.872849426183344823e-01,4.596318104694265827e-01
-1.946856849230085063e+00,-1.144957446277769936e-01
-1.039804479167609541e+00,4.271128835787279532e-01
-2.792342637037370512e-01,-4.951027813730846661e-01
-1.994262548804386803e+00,-3.784581089452845881e-02
-6.085869807565884582e-01,-4.762891641937161968e-01
1.934587302870705461e+00,-1.268296021172328203e-01
1.928146865411453525e+00,1.328179358661665810e-01
4.697843126796667768e-02,-4.998620451556859967e-01
-6.635508711611549648e-01,-4.716791972159992685e-01
1.967827095550147343e+00,8.932263221696379318e-02
-1.187661525983630062e+00,4.022949865846450201e-01
-9.809848393242038833e-01,-4.357227289957503746e-01
-8.974863145031655165e-01,-4.468303869534505091e-01
-1.921154891132316633e+00,1.390062688061173002e-01
-5.271930475166842767e-01,-4.823165124331007525e-01
-4.141153959989417599e-01,4.891643664708110739e-01
1.835933988574387943e+00,1.983283876550044067e-01
1.045157678588764377e-01,-4.993168116454765881e-01
1.936655471070869217e+00,1.248412958447817911e-01
1.914396799690574191e+00,-1.447162942912976202e-01
-5.571748120618031930e-01,4.802054396820629178e-01
-1.722076619279163223e+00,2.542700480458778278e-01
-1.369877562636240054e+00,-3.643003108173422100e-01
9.709164278097226486e-01,4.371299356462280405e-01
1.793664351490819930e+00,-2.211854699950666914e-01
9.772069031085435509e-02,4.994028100319651831e-01
1.766930957993884554e+00,2.342481309534311107e-01
-3.372893866935985918e-02,-4.999288923622187686e-01
1.723752186311451773e+00,-2.535594605051360584e-01
6.477658462916650040e-01,-4.730485842105731087e-01
9.753974677784672531e-01,4.365059979435673698e-01
-1.141143796152694012e+00,4.106238269771844140e-01
1.525703479424724174e+00,3.232867238295684120e-01
1.844188641366848902e+00,1.934825985478888510e-01
3.726594788821972482e-01,4.912436330884636382e-01
-3.664366586362738376e-01,-4.915361237492801849e-01
-4.668966404634815603e-01,4.861846053149406766e-01
1.963641203417597403e+00,-9.490561898561709897e-02
6.391702939676100481e-01,-4.737787811382385139e-01
6.328688637205278633e-01,-4.743071922112482297e-01
-3.557974043674750481e-02,-4.999208738684586817e-01
-1.895578945751879685e+00,-1.594483577099088112e-01
1.670319885616927902e+00,2.750035772168079040e-01
-1.409337192656068272e+00,-3.547682938725915669e-01
4.186563178965068688e-01,4.889227244338655853e-01
-1.551233025614952243e+00,-3.156022120725591185e-01
-8.077522918585064993e-01,4.574068371672346811e-01
6.558697392163030937e-01,-4.723501670622877735e-01
1.729604757893659084e+00,-2.510561916025494944e-01
7.450947095339975901e-01,-4.640065916708813187e-01
1.998179848039906448e+00,-2.132676558812983750e-02
-1.871527238424154138e+00,-1.763139592879097717e-01
-1.146701441014257972e+00,4.096550229442927349e-01
-1.366968901521927293e+00,3.649825357356101252e-01
-8.091983286244969209e-01,4.572470656652238841e-01
7.207659677939469711e-01,-4.664022150776928055e-01
5.532322958396306278e-01,-4.804902461835210969e-01
1.871638543253247411e+00,-1.762400996171242240e-01
9.051303227024271036e-01,-4.458656677551967595e-01
1.406849206905648408e+00,3.553849417382639597e-01
-1.200890228621977585e+00,-3.998329853514038246e-01
5.513472598627904286e-01,-4.806256468813457361e-01
-2.865738505020248850e-01,4.948405948010204392e-01
4.995483250805244912e-01,4.841520597207324417e-01
9.368554290778287053e-01,-4.417509129169540638e-01
1.771087904609306651e+00,2.322778016388209466e-01
-1.185511493677827044e+00,-4.026911423750967889e-01
-1.139546119385230316e+00,4.109010405342494732e-01
1.105580992246928629e+00,-4.166601335007869000e-01
7.673857346244773447e-01,4.617303822507548561e-01
1.026866061515451456e+00,-4.290648327837345288e-01
-1.771686666952186684e+00,2.319922350726220384e-01
1.700981202810989967e-01,4.981883823839153846e-01
-1.274419876667212348e+00,-3.853451357189038862e-01
-1.426329478474869239e+00,-3.504982363395006684e-01
-1.502231103724138706e+00,3.300853782549822979e-01
-1.946944058875770933e+00,-1.144030243285603099e-01
-5.367906322640682015e-01,4.816544285788270097e-01
-1.613082814380883301e+00,-2.955888015839158167e-01
-1.725550039011282788e+00,-2.527940197656187715e-01
2.876809798257251027e-01,4.948004429721207797e-01
-1.216068624468754855e+00,-3.969553737971270868e-01
4.083482092169538752e-02,-4.998957714739326597e-01
-2.073284927114039111e-01,4.973061743100281040e-01
1.833146396149973212e+00,1.999334717916133042e-01
1.831580221939901554e+00,2.008285790479316102e-01
8.612482197733885292e-02,-4.995361920721668181e-01
5.147749114468817000e-01,-4.831541414590724837e-01
2.073194347904706511e-02,-4.999731359357958982e-01
-1.018940736119717583e+00,-4.302441005025379739e-01
1.309964281522423502e+00,-3.778221788367711609e-01
1.690256191571620104e+00,2.672819212523785959e-01
9.773213690615766280e-01,4.362369583706490195e-01
1.183340212345362907e+00,4.030900908796964943e-01
2.570897109855195817e-01,4.958518478654550532e-01
-1.923416746117423637e+00,1.370374083861461423e-01
-9.390971869434818972e-03,-4.999944880725778473e-01
1.230168075830417651e+00,3.942307783208719441e-01
1.966154552605422712e+00,9.159567241038524266e-02
-2.907597099889821513e-01,-4.946879566357414437e-01
-5.331009023404672531e-01,-4.819104836432137606e-01
1.262333105694886548e+00,-3.878236656544684080e-01
9.864480746847561488e-01,4.349511607605169861e-01
9.662908560273446579e-01,-4.377700581896520893e-01
3.940540402743748505e-01,4.901990293074488525e-01
1.721838865933257079e+00,2.543706596388520258e-01
7.520315244202727678e-01,4.633066334970637468e-01
-1.740407856015943944e+00,2.463458563074972518e-01
-1.496126860396912672e+00,-3.318136165077163469e-01
-1.753961053647053459e-01,4.980735516858236234e-01
-1.787522769736292538e+00,-2.242713685017402314e-01
-1.378355139160229337e+00,-3.622962453530419458e-01
2.299981129930855905e-01,-4.966828004382940476e-01
-2.488498345169151971e-01,-4.961145129819389821e-01
-1.957390984660613231e+00,-1.026585764711583498e-01
-1.071324707316106739e+00,4.222161303389280196e-01
-1.756191137183051421e+00,-2.392426448294310004e-01
-1.812931189656555864e+00,2.111398383729467809e-01
-1.394227605464125830e+00,-3.584802456344151067e-01
1.299068901605784365e+00,3.801660812132591216e-01
-1.345356147506647781e+00,-3.699676367912191344e-01
9.892399782746441605e-01,4.345546761760237242e-01
-9.203111170165615418e-01,-4.439191542313566941e-01
-7.578767165155904095e-01,4.627109574672094716e-01
-6.651140688623138342e-01,-4.715415726238658678e-01
1.242854314134451688e+00,-3.917359724544534627e-01
-7.077122251005771858e-01,4.676499362800121129e-01
-7.713467131252150777e-01,4.613176947716540188e-01
7.947058363991038599e-01,-4.588329375705007540e-01
-1.883274989404615241e+00,1.683143105701069286e-01
4.888829948826746707e-01,-4.848320209950650050e-01
8.055554482967389740e-01,-4.576489115385996564e-01
1.196174557844650987e+00,4.007154872198254725e-01
1.417671630831215168e+00,3.526867543529564886e-01
1.274536359557055798e+00,-3.853210567311893819e-01
9.997274537759540669e-01,-4.330520334040881547e-01
-7.620745305890774812e-01,4.622798401555218151e-01
-1.330680770430463955e+00,-3.732700670431687295e-01
1.816672091259663446e+00,-2.091205562645386262e-01
-1.918129612820797192e+00,-1.415933412143600134e-01
5.785564041459261286e-01,-4.786225344165885298e-01
1.965674218846591881e+00,9.223775845669204831e-02
-5.803139877937611713e-02,-4.997894779777099505e-01
1.997846426903350903e+00,2.319705599520386838e-02
-1.533321371878938466e+00,-3.210262421651937648e-01
-1.956415518585864932e+00,-1.038142327177496022e-01
-1.780210380611965681e-01,-4.980153430121163072e-01
-1.925599572786309333e+00,1.351078932939298316e-01
-1.999511387877338287e+00,-1.105161116319866230e-02
-1.620242656824068206e+00,-2.931311281883591802e-01
1.302274735351277357e+00,-3.794799495416194546e-01
-1.106398586828644559e+00,-4.165244715997772351e-01
1.995056827698254986e+00,3.513212050120165936e-02
-4.359961199602214177e-01,4.879746012460351445e-01
-1.263698707553561507e+00,3.875456083262538431e-01
-9.517062055283594946e-01,-4.397623860079733493e-01
-6.529361939037180429e-01,-4.726041106657430380e-01
1.124791249078500144e+00,-4.134341427298630078e-01
-1.524830226655496723e+00,3.235441217861315666e-01
4.753887014890442186e-01,4.856700000062130762e-01
-1.342400733475615171e+00,3.706379863461894963e-01
-1.498645040365012282e-01,4.985943134471835791e-01
-6.172519060199906926e-01,-4.755917422350476875e-01
8.709480363198180974e-01,-4.501006497183888677e-01
-1.726672376159994027e+00,2.523145984438375788e-01
1.481135810641168504e+00,3.359907653526664761e-01
1.557007300198737898e+00,-3.138200387092733301e-01
1.692274180433012143e+00,-2.664826563586945030e-01
-1.484808142345850346e+00,-3.349761913576344563e-01
-1.872319223944559630e+00,1.757876424211258504e-01
9.733200201024336806e-01,-4.367957287499928953e-01
-2.074949349289274270e-01,-4.973018356578602917e-01
-1.823531194329337746e+00,2.053554819252183805e-01
1.997409873902464383e+00,2.543840064368936213e-02
-1.027698831097616367e-01,4.993394606330951446e-01
-6.726747074265206905e-01,-4.708707849551618807e-01
5.930085200273351731e-01,4.775157651307826989e-01
5.902833531091866703e-01,4.777267500257191268e-01
9.087055465035057678e-01,4.454109219132488806e-01
1.970079715096657136e+00,-8.616333187784784575e-02
1.793585291287435268e+00,-2.212255357770330777e-01
1.888452976057663601e+00,1.646483672138432386e-01
-8.572275329862020232e-01,4.517439095252412384e-01
-4.414263871380006421e-01,-4.876693772897199852e-01
-1.384141435775951390e+00,3.609148519533457167e-01
-1.579053539907858905e+00,3.068580614576204013e-01
1.803600226829290998e+00,2.160766967105270941e-01
-1.961077388464532056e+00,-9.816296286441583696e-02
9.697578364987905486e-01,-4.372906455200294973e-01
-1.902860850561687744e+00,1.539319215188265089e-01
6.141930661417935866e-01,-4.758391848555127979e-01
9.573823795510120194e-01,-4.389916698615448643e-01
2.373148910401216838e-01,-4.964676249823984922e-01
-1.366660053781912909e+00,-3.650548158664684850e-01
1.222442410727833328e+00,3.957299072958350150e-01
-1.577745213744355945e+00,3.072783795382836858e-01
-1.369431802312881530e+00,-3.644050406839631218e-01
6.684587598904401240e-01,4.712458810380822927e-01
1.010307665234079777e-01,4.993616415119214724e-01
1.912224261789718271e+00,-1.465005061046648072e-01
-6.367717700012736071e-01,4.739805977654468760e-01
8.399077444384696056e-01,-4.537727253835532881e-01
1.551875025538199004e+00,3.154048891019697876e-01
-9.160954221077571846e-01,-4.444638046000772280e-01
-1.103134908125443125e+00,4.170651458761471253e-01
-9.315144762572613590e-01,4.424562676499198544e-01
-1.907593554476900710e+00,-1.502262524740148597e-01
6.733062533419846840e-01,4.708143668959786643e-01
1.900089035414307848e+00,-1.560572125652810727e-01
1.431615459666973011e+00,-3.491487125533439539e-01
-7.164921860812535348e-01,-4.668135968513359990e-01
-9.615313129853942931e-01,4.384245612238056311e-01
-8.254486129343425738e-01,4.554279983848139590e-01
-1.976111473417478503e+00,7.704846065456220916e-02
9.545118860734829180e-01,4.393821698806491538e-01
-1.334582070986567226e+00,-3.723985344863420810e-01
-1.578327814204540269e+00,3.070913250675926798e-01
-3.499027705037219271e-01,4.922885365307765881e-01
-1.425099736746894941e+00,-3.508107342574421361e-01
-1.999652704766282652e+00,9.317524888920149934e-03
1.608193220790377298e+00,2.972493234437078580e-01
2.730270600238164369e-01,4.953191032364105961e-01
-7.484249020851011513e-01,-4.636715004948888108e-01
1.826364619868435790e+00,-2.037756541047077152e-01
-4.136115577863316850e-02,-4.998930669898723478e-01
-6.939428868645751702e-01,-4.689378470124038745e-01
1.823002112460126778e+00,2.056488660870020024e-01
4.706383895101912684e-01,4.859590714709967618e-01
1.827189857902451475e+00,-2.033127552532088544e-01
-1.235690568588386773e+00,-3.931498456935432206e-01
-9.499445384395504011e-01,4.400003816680780333e-01
1.915652574035094258e+00,1.436739397891798609e-01
1.859329753422745535e+00,1.842031602668831314e-01
4.309135441234973607e-01,-4.882566895017240172e-01
1.651303843822190531e+00,-2.820899253095165982e-01
5.054968704059136231e-01,4.837660148518229675e-01
-1.342411630270213152e+00,3.706355196580655154e-01
-1.682567031369839761e+00,-2.702970801899370890e-01
1.142293915541249039e+00,-4.104239127503904738e-01
